wind_speed_kmh,pressure_hpa,rainfall_mm,storm_surge_m,cyclone_size_km,movement_speed_kmh,ocean_temperature_c,impact_score,impact_level
203,878,45,7.5,551,19,25.3,490.04,Extreme
66,989,109,6.1,115,6,24.8,245.27,Moderate
99,979,636,0.8,457,39,27.8,302.65,High
154,1000,304,8.2,63,15,30.3,327.08,High
127,921,179,2.5,739,11,24.8,364.36,High
64,941,372,6.2,138,34,28.8,367.83,High
276,946,100,5.7,790,41,25.7,411.2,High
57,861,697,2.7,642,10,31.7,520.92,Extreme
261,875,409,3.1,797,15,27.3,526.88,Extreme
93,918,683,1.2,400,39,30.6,411.17,High
81,968,408,3.1,1190,19,30.2,358.5,High
255,864,254,8.3,696,30,26.4,575.75,Extreme
94,995,342,2.5,1072,30,32.0,308.18,High
204,967,166,3.0,555,40,28.9,332.6,High
231,999,458,9.0,867,28,26.0,406.1,High
75,980,525,1.4,146,12,25.4,261.33,Moderate
80,958,630,1.1,831,43,33.0,370.17,High
175,914,586,8.7,73,12,30.1,504.03,Extreme
177,918,676,3.7,651,32,25.4,460.05,Extreme
40,917,532,7.7,1089,11,31.8,493.38,Extreme
116,979,643,2.4,815,15,28.9,350.69,High
239,985,20,6.2,1050,6,25.0,346.57,High
132,928,265,1.1,211,10,30.6,346.27,High
248,867,565,7.8,312,35,32.5,606.99,Extreme
82,917,560,8.8,916,18,32.4,517.83,Extreme
233,901,339,4.3,814,33,32.1,504.24,Extreme
155,880,273,2.6,742,6,29.3,466.29,Extreme
98,1000,245,0.6,170,19,24.6,192.39,Moderate
48,934,92,5.4,620,36,25.9,340.9,High
73,996,610,5.0,1018,31,25.7,335.28,High
64,960,382,4.5,1006,8,30.1,368.78,High
205,875,82,4.3,744,11,26.2,474.68,Extreme
88,987,479,1.8,425,22,28.2,279.36,Moderate
263,869,473,8.2,1177,11,24.5,613.54,Extreme
178,853,115,9.3,534,15,27.7,558.31,Extreme
163,904,430,9.1,387,29,24.0,491.63,Extreme
139,917,485,3.2,1188,36,25.4,445.86,High
115,905,79,6.0,1160,8,30.7,458.51,Extreme
54,862,618,5.0,1137,15,24.5,532.1,Extreme
170,870,210,1.2,189,20,27.6,427.17,High
267,995,272,6.0,131,44,24.7,322.85,High
208,999,598,5.5,584,18,30.0,375.78,High
120,911,291,4.3,664,34,26.8,416.88,High
232,868,29,4.9,254,9,28.8,480.66,Extreme
169,917,155,9.4,190,20,27.3,446.71,High
80,962,576,7.2,1133,5,30.0,433.72,High
181,926,699,1.5,325,21,25.0,407.96,High
67,991,179,3.1,481,26,25.8,237.66,Moderate
202,917,537,5.1,154,10,29.7,461.66,Extreme
252,920,65,0.5,317,45,32.8,380.17,High
81,963,584,7.2,1198,5,25.0,416.8,High
266,888,578,0.8,806,42,29.0,509.82,Extreme
150,882,62,3.4,131,27,25.9,400.7,High
103,876,382,7.9,882,44,30.7,544.78,Extreme
276,910,186,9.8,412,31,24.2,500.25,Extreme
228,935,441,8.1,558,22,25.4,470.32,Extreme
219,877,411,8.8,1013,19,25.8,583.33,Extreme
275,967,378,3.4,516,19,24.2,366.82,High
89,952,356,3.1,192,22,27.2,316.77,High
170,952,569,3.6,106,12,31.9,390.89,High
106,895,614,9.6,593,7,25.0,529.43,Extreme
151,938,341,4.6,1097,12,27.5,421.01,High
187,898,280,0.9,943,5,28.7,438.08,High
246,987,221,4.0,193,26,29.6,320.18,High
209,881,327,5.3,886,25,27.6,522.34,Extreme
115,991,150,2.3,826,16,29.5,272.48,Moderate
117,953,581,8.4,672,23,25.9,435.12,High
241,998,641,6.7,1002,33,28.0,420.96,High
94,980,504,8.0,397,10,26.6,361.58,High
209,1008,363,1.4,531,24,26.0,265.39,Moderate
90,887,45,0.9,1023,44,31.6,408.48,High
58,966,444,8.9,448,29,28.4,383.63,High
102,887,691,7.0,268,32,26.0,506.27,Extreme
245,982,495,1.0,560,12,28.1,337.94,High
245,968,563,9.9,699,33,29.5,486.79,Extreme
224,979,456,8.4,1172,33,32.1,465.97,Extreme
230,971,480,3.0,556,45,26.5,364.97,High
239,983,516,6.5,612,33,24.7,392.07,High
113,910,298,3.7,1156,10,25.2,427.92,High
99,948,176,7.2,181,31,27.7,354.25,High
178,969,445,1.1,910,29,32.1,363.56,High
189,855,609,4.1,62,27,26.7,530.73,Extreme
139,957,571,7.6,1168,43,32.1,475.21,Extreme
164,906,299,4.6,109,29,27.0,416.69,High
213,953,189,8.5,311,44,28.8,412.88,High
272,950,626,5.9,105,10,29.8,454.17,Extreme
74,968,206,1.0,826,25,25.9,270.32,Moderate
123,936,408,3.1,913,21,31.5,411.85,High
160,854,572,1.0,766,19,29.9,528.73,Extreme
239,860,51,9.5,458,6,29.6,566.34,Extreme
101,882,504,6.9,496,34,30.3,517.47,Extreme
236,944,191,6.3,284,15,32.7,422.14,High
67,998,46,9.3,818,30,32.5,328.58,High
90,869,626,7.1,547,11,30.3,553.5,Extreme
117,1003,143,8.1,134,27,28.8,286.47,Moderate
209,944,90,5.3,748,5,31.6,407.32,High
250,975,128,4.6,791,45,32.0,374.58,High
157,889,465,2.2,1118,22,29.5,492.26,Extreme
275,987,515,4.9,599,25,31.7,406.09,High
252,872,305,8.9,549,34,29.1,579.77,Extreme
211,947,364,0.8,715,16,28.4,369.28,High
130,916,368,3.2,615,40,24.1,395.88,High
88,871,267,7.3,1050,40,30.8,534.51,Extreme
216,971,681,7.3,967,6,24.8,450.78,Extreme
96,953,269,3.4,805,35,29.0,348.18,High
128,958,583,3.6,979,22,26.8,392.89,High
99,880,217,3.5,1147,16,25.7,457.28,Extreme
229,973,303,7.4,1124,43,26.5,420.71,High
65,899,323,2.7,417,24,24.1,378.19,High
176,882,300,0.9,161,40,26.6,413.42,High
72,975,125,8.8,632,35,28.3,342.53,High
127,897,72,2.9,1028,12,31.4,432.63,High
142,975,95,6.0,159,14,25.3,292.86,Moderate
184,927,107,9.9,292,40,30.9,456.21,Extreme
195,1002,653,2.6,1120,29,28.1,358.23,High
153,926,622,9.9,675,41,29.6,525.7,Extreme
196,875,232,6.4,591,10,25.4,504.78,Extreme
84,991,96,2.0,886,33,30.2,257.6,Moderate
160,924,53,2.7,629,34,24.6,351.21,High
99,917,660,6.1,455,32,25.0,450.95,Extreme
97,888,292,8.4,196,8,25.5,464.43,Extreme
118,1002,602,9.3,949,12,28.2,398.43,High
117,953,298,5.3,1061,33,24.7,377.2,High
50,960,350,6.2,102,10,26.1,319.32,High
212,997,621,9.5,601,41,24.4,409.44,High
233,894,501,5.4,955,22,25.6,529.24,Extreme
189,961,670,8.2,236,35,27.1,438.85,High
125,932,127,8.6,725,31,30.2,434.79,High
113,952,583,0.8,230,25,26.3,323.84,High
69,953,546,8.3,52,39,28.2,391.75,High
53,898,550,3.9,1070,45,28.0,466.72,Extreme
53,902,293,5.7,639,33,31.9,444.24,High
164,881,49,9.7,540,15,26.8,504.89,Extreme
43,991,437,1.4,282,34,32.5,258.36,Moderate
205,889,530,9.4,647,37,30.3,582.43,Extreme
146,973,503,2.8,1178,14,27.5,369.54,High
275,1003,540,7.6,329,9,26.5,383.32,High
242,956,368,9.4,1089,22,31.4,500.52,Extreme
112,926,621,6.0,1052,14,28.0,477.56,Extreme
163,938,360,5.7,1162,29,28.1,446.23,High
122,898,264,5.9,528,31,24.4,436.47,High
230,971,410,4.2,361,36,32.7,385.67,High
72,978,624,3.7,255,33,24.9,306.75,High
273,966,35,7.4,889,14,24.7,393.43,High
240,917,366,6.4,864,10,31.7,512.05,Extreme
258,986,409,9.6,1049,39,24.3,437.97,High
57,910,666,7.0,638,19,30.7,490.95,Extreme
151,875,668,7.2,255,33,25.5,537.48,Extreme
116,857,67,3.6,164,23,27.2,436.74,High
150,887,270,5.5,418,15,25.6,457.55,Extreme
196,947,654,7.0,1069,42,25.3,480.23,Extreme
158,915,490,2.9,69,34,32.1,423.07,High
213,989,181,1.2,757,42,26.7,284.18,Moderate
148,914,487,8.5,457,29,31.7,505.86,Extreme
67,910,410,5.9,655,23,24.2,423.93,High
252,951,301,0.6,150,43,30.7,347.62,High
253,923,255,6.3,771,19,29.7,479.66,Extreme
198,914,695,7.0,330,45,24.9,496.98,Extreme
200,860,336,8.0,118,42,27.3,544.77,Extreme
73,873,322,3.6,900,16,25.8,461.48,Extreme
241,988,394,5.5,608,15,26.3,364.18,High
251,973,322,7.6,743,12,28.2,420.57,High
59,886,251,8.7,863,40,27.3,493.79,Extreme
242,951,34,3.0,303,34,27.3,333.77,High
231,917,618,4.1,810,11,30.1,503.85,Extreme
160,856,654,8.9,1199,25,32.2,661.63,Extreme
96,866,670,8.3,668,31,25.1,565.15,Extreme
51,859,331,10.0,287,11,26.1,523.62,Extreme
177,884,417,4.8,1156,31,29.3,532.73,Extreme
226,889,444,6.7,1052,44,27.7,556.13,Extreme
111,858,399,2.6,960,20,31.7,520.88,Extreme
65,944,577,9.1,784,8,27.6,451.59,Extreme
88,881,485,1.4,484,45,29.4,442.06,High
45,862,361,2.8,307,41,25.8,434.28,High
252,991,232,6.1,527,26,31.0,365.05,High
241,1002,22,3.1,346,13,28.9,265.18,Moderate
244,894,132,6.8,102,13,24.1,454.93,Extreme
242,910,622,3.6,406,21,24.5,469.92,Extreme
229,957,558,1.6,180,35,28.0,365.78,High
132,981,627,1.5,1081,19,32.5,367.93,High
51,983,328,4.9,113,8,33.0,294.95,Moderate
256,952,456,7.0,1054,33,24.7,464.83,Extreme
60,932,642,1.9,308,22,29.6,373.85,High
189,990,352,4.1,1136,23,28.1,355.4,High
194,960,121,8.0,284,40,30.5,386.99,High
95,960,482,8.9,897,26,31.4,444.17,High
142,956,117,3.5,690,21,27.4,329.06,High
79,971,88,1.4,224,10,27.9,235.43,Moderate
230,945,153,5.8,1200,40,27.0,430.89,High
71,955,382,8.8,916,8,32.7,436.12,High
193,929,380,1.5,1089,18,25.4,407.38,High
163,907,130,3.8,1189,28,25.0,430.13,High
111,996,251,8.2,1198,44,29.5,365.67,High
204,992,46,6.3,597,6,25.6,308.6,High
219,929,367,3.8,421,14,29.1,423.43,High
142,867,165,7.5,112,10,30.7,500.86,Extreme
95,946,449,4.8,372,28,26.8,367.19,High
123,995,630,1.3,157,14,25.4,267.3,Moderate
198,862,103,3.1,918,36,29.5,501.97,Extreme
146,919,240,7.7,283,27,27.9,433.32,High
112,1001,518,5.5,681,7,26.0,319.63,High
193,864,27,2.4,482,13,30.9,463.21,Extreme
114,933,142,0.6,931,16,25.2,325.8,High
176,908,532,5.8,775,9,27.6,496.92,Extreme
229,860,466,0.7,209,25,29.2,495.23,Extreme
186,953,675,4.5,285,30,24.2,396.93,High
123,893,652,4.9,791,10,27.9,507.95,Extreme
67,912,466,6.1,1123,10,27.6,467.33,Extreme
119,936,246,3.7,394,9,28.6,359.92,High
69,985,542,2.3,765,27,30.5,316.1,High
249,887,261,1.5,574,17,25.6,449.23,High
79,869,201,9.5,1061,34,30.8,553.21,Extreme
234,998,479,7.0,711,45,26.8,382.62,High
152,867,500,4.7,670,22,29.3,534.77,Extreme
130,979,95,3.4,975,7,24.5,289.26,Moderate
252,923,98,6.6,234,44,29.3,434.85,High
138,968,614,5.8,134,33,32.2,390.85,High
186,898,349,6.2,1076,14,32.6,532.23,Extreme
155,876,371,9.8,222,37,29.8,546.94,Extreme
50,913,468,9.9,1123,38,29.5,513.62,Extreme
133,945,309,4.2,742,43,24.5,365.96,High
201,935,87,3.6,1192,29,26.6,399.58,High
225,1004,173,3.7,339,27,26.8,274.18,Moderate
207,950,152,6.2,223,24,29.0,379.55,High
204,934,150,6.9,1128,10,29.8,459.15,Extreme
148,980,390,0.7,682,16,32.6,315.98,High
127,974,216,2.7,331,14,24.7,271.08,Moderate
256,875,539,7.8,1128,7,30.0,625.21,Extreme
264,1008,154,6.2,365,15,25.6,305.3,High
217,1009,189,7.4,139,31,27.3,302.41,High
224,910,474,6.3,969,19,28.8,523.17,Extreme
119,970,218,4.0,952,34,30.9,346.12,High
239,947,534,5.5,381,17,31.2,450.77,Extreme
75,914,73,6.6,810,40,32.4,427.42,High
222,982,147,3.2,378,22,28.0,303.68,High
171,887,467,1.4,504,33,32.0,469.88,Extreme
278,856,444,1.0,1078,28,26.1,549.47,Extreme
60,945,249,0.8,252,26,31.1,295.23,Moderate
75,859,313,9.2,1017,13,30.8,575.08,Extreme
160,964,650,0.5,212,6,26.3,325.38,High
253,888,581,9.4,1130,32,25.0,609.26,Extreme
113,910,328,1.7,538,31,29.8,395.17,High
199,967,84,1.6,1073,43,28.8,329.38,High
201,981,608,2.8,344,23,27.9,348.9,High
197,940,266,5.9,433,10,28.7,411.17,High
132,867,558,5.7,1089,40,24.2,547.9,Extreme
263,970,64,6.5,814,21,30.7,397.17,High
131,867,373,2.8,262,42,30.6,473.89,Extreme
125,884,65,3.8,743,16,31.5,447.54,High
215,968,510,6.5,326,9,30.4,414.32,High
157,859,320,2.4,458,7,26.8,477.73,Extreme
119,981,427,9.9,1162,35,26.3,418.64,High
232,898,312,3.9,147,26,26.5,444.48,High
244,944,467,9.0,950,29,27.1,502.61,Extreme
87,977,529,4.0,1113,22,31.2,373.07,High
226,958,100,4.6,419,39,26.6,348.38,High
66,870,355,6.8,677,33,29.4,509.43,Extreme
149,892,474,3.8,136,27,29.5,456.32,Extreme
151,920,674,9.8,167,9,30.0,515.53,Extreme
143,943,545,8.1,377,6,25.3,433.54,High
195,962,55,1.7,533,28,27.3,300.12,High
185,858,639,2.0,971,28,27.3,551.29,Extreme
235,869,607,1.8,801,30,26.8,534.56,Extreme
111,913,136,0.7,431,36,28.7,344.25,High
273,993,140,3.0,583,33,25.9,302.75,High
196,923,522,2.4,327,9,28.1,418.63,High
270,963,109,8.2,704,27,30.4,429.32,High
180,988,317,9.0,372,45,25.6,361.62,High
132,980,249,1.7,461,13,26.1,267.98,Moderate
166,856,389,5.8,805,34,31.2,569.61,Extreme
181,883,646,8.9,184,24,27.6,557.98,Extreme
223,972,558,4.4,888,41,24.7,397.08,High
121,868,480,4.9,1109,27,25.2,528.38,Extreme
252,991,675,6.1,314,32,28.5,399.77,High
262,864,147,5.4,672,15,25.5,525.11,Extreme
279,907,374,9.5,1112,23,31.6,590.25,Extreme
104,900,670,9.6,612,13,29.6,547.62,Extreme
197,986,115,5.3,395,42,32.5,329.39,High
79,893,694,6.4,741,41,24.4,500.03,Extreme
261,857,103,0.9,592,18,30.9,493.38,Extreme
146,1008,674,0.8,1167,23,29.8,323.07,High
117,973,270,8.1,881,24,28.1,381.9,High
216,865,181,4.7,1041,34,25.8,523.77,Extreme
195,886,340,8.7,703,27,32.8,564.25,Extreme
73,944,547,5.8,703,20,28.2,409.26,High
108,965,273,1.8,153,23,32.5,296.88,Moderate
261,1007,448,2.9,377,25,32.4,330.75,High
224,930,214,7.7,1070,37,28.2,480.12,Extreme
265,928,529,0.7,855,37,28.1,441.01,High
101,905,617,3.9,153,23,28.5,436.74,High
265,970,312,5.6,270,32,25.2,368.83,High
107,943,432,4.0,870,8,29.1,398.07,High
89,942,586,3.2,841,37,28.1,397.77,High
180,921,658,7.0,293,13,32.8,505.6,Extreme
140,945,367,5.8,798,14,25.8,402.74,High
170,952,532,0.9,129,13,30.4,349.02,High
245,971,551,4.8,1105,13,27.0,429.89,High
196,931,186,4.2,662,42,27.0,398.58,High
252,980,565,5.2,663,35,31.3,420.37,High
134,934,132,9.8,680,45,24.2,423.57,High
